"Category","Google+ (until 2019)","Reddit","Pinterest","LinkedIn","Instagram","Twitter","Facebook","Category","Navigator 1"
1388361600000,0,0.068,0.02,0.014,0,0.89,6.974,1388361600000
1388966400000,0,0.12857142857143,0.018571428571429,0.021428571428571,0,0.93,7.4414285714286,1388966400000
1389571200000,0,0.061428571428571,0.017142857142857,0.018571428571429,0,0.97,6.7228571428571,1389571200000
1390176000000,0,0.057142857142857,0.02,0.02,0,0.92142857142857,6.8771428571429,1390176000000
1390780800000,0,0.062857142857143,0.015714285714286,0.017142857142857,0,0.88857142857143,7.1857142857143,1390780800000
1391385600000,0.0028571428571429,0.062857142857143,0.012857142857143,0.02,0,0.90571428571429,7.4028571428571,1391385600000
1391990400000,0,0.088571428571429,0.017142857142857,0.022857142857143,0,0.91571428571429,7.2814285714286,1391990400000
1392595200000,0.0042857142857143,0.068571428571429,0.017142857142857,0.017142857142857,0,0.92714285714286,7.2685714285714,1392595200000
1393200000000,0.0014285714285714,0.044285714285714,0.011428571428571,0.017142857142857,0,0.85285714285714,7.1557142857143,1393200000000
1393804800000,0.0028571428571429,0.077142857142857,0.014285714285714,0.018571428571429,0,0.96857142857143,7.0957142857143,1393804800000
1394409600000,0,0.06,0.01,0.018571428571429,0,0.91571428571429,7.0728571428571,1394409600000
1395014400000,0,0.06,0.01,0.015714285714286,0,0.84285714285714,6.6614285714286,1395014400000
1395619200000,0,0.092857142857143,0.012857142857143,0.012857142857143,0,0.84714285714286,6.7414285714286,1395619200000
1396224000000,0,0.034285714285714,0.012857142857143,0.01,0,0.84428571428571,6.7214285714286,1396224000000
1396828800000,0,0.07,0.011428571428571,0.01,0,0.87714285714286,7.18,1396828800000
1397433600000,0,0.051428571428571,0.015714285714286,0.0071428571428571,0,0.86714285714286,7.5657142857143,1397433600000
1398038400000,0,0.077142857142857,0.011428571428571,0.01,0,0.84857142857143,7.3457142857143,1398038400000
1398643200000,0,0.095714285714286,0.011428571428571,0.0071428571428571,0,0.86,8.0757142857143,1398643200000
1399248000000,0,0.047142857142857,0.017142857142857,0.0071428571428571,0,0.94571428571429,7.66,1399248000000
1399852800000,0,0.10714285714286,0.015714285714286,0.0071428571428571,0,0.89428571428571,7.6428571428571,1399852800000
1400457600000,0,0.05,0.014285714285714,0.0071428571428571,0,0.97,7.8528571428571,1400457600000
1401062400000,0,0.042857142857143,0.012857142857143,0.0057142857142857,0,0.90857142857143,8.2742857142857,1401062400000
1401667200000,0,0.11285714285714,0.012857142857143,0.0042857142857143,0,0.93428571428571,8.4857142857143,1401667200000
1402272000000,0,0.13857142857143,0.02,0.0057142857142857,0,0.90428571428571,8.8985714285714,1402272000000
1402876800000,0,0.071428571428571,0.014285714285714,0,0,0.89285714285714,8.5742857142857,1402876800000
1403481600000,0.0014285714285714,0.042857142857143,0.014285714285714,0,0,0.92857142857143,8.97,1403481600000
1404086400000,0.0014285714285714,0.082857142857143,0.017142857142857,0.0085714285714286,0,0.99,9.2928571428571,1404086400000
1404691200000,0,0.071428571428571,0.018571428571429,0.01,0,1.0285714285714,9.3471428571429,1404691200000
1405296000000,0.06,0.11714285714286,0.017142857142857,0.01,0,1.01,9.4328571428571,1405296000000
1405900800000,0.0071428571428571,0.057142857142857,0.017142857142857,0.01,0,1.0728571428571,9.6942857142857,1405900800000
1406505600000,0.0014285714285714,0.095714285714286,0.02,0.01,0,0.96,9.5785714285714,1406505600000
1407110400000,0.0014285714285714,0.071428571428571,0.018571428571429,0.01,0,1.0785714285714,9.3828571428571,1407110400000
1407715200000,0,0.071428571428571,0.02,0.01,0,0.99285714285714,9.4828571428571,1407715200000
1408320000000,0,0.10714285714286,0.018571428571429,0.01,0,1.0242857142857,9.3571428571429,1408320000000
1408924800000,0,0.05,0.018571428571429,0.01,0,1.0914285714286,9.3057142857143,1408924800000
1409529600000,0,0.085714285714286,0.017142857142857,0.01,0,1.1,10.162857142857,1409529600000
1410134400000,0.0014285714285714,0.091428571428571,0.02,0.01,0,1.08,10.757142857143,1410134400000
1410739200000,0.0014285714285714,0.048571428571429,0.022857142857143,0.01,0,1.2614285714286,10.618571428571,1410739200000
1411344000000,0,0.065714285714286,0.02,0.01,0,1,11.342857142857,1411344000000
1411948800000,0,0.11142857142857,0.02,0.01,0,1.2028571428571,11.187142857143,1411948800000
1412553600000,0.0014285714285714,0.068571428571429,0.02,0.01,0,1.0657142857143,11.557142857143,1412553600000
1413158400000,0,0.087142857142857,0.02,0.01,0,1.0571428571429,11.598571428571,1413158400000
1413763200000,0.0014285714285714,0.054285714285714,0.02,0.01,0,1.0385714285714,12.327142857143,1413763200000
1414368000000,0,0.081428571428571,0.02,0.01,0,1.0314285714286,14.037142857143,1414368000000
1414972800000,0,0.048571428571429,0.017142857142857,0.01,0,1.04,13.691428571429,1414972800000
1415577600000,0,0.071428571428571,0.017142857142857,0.01,0,0.97142857142857,14.365714285714,1415577600000
1416182400000,0,0.091428571428571,0.02,0.01,0,0.95285714285714,15.095714285714,1416182400000
1416787200000,0,0.077142857142857,0.017142857142857,0.01,0,0.91142857142857,14.684285714286,1416787200000
1417392000000,0,0.064285714285714,0.02,0.01,0,0.94285714285714,14.582857142857,1417392000000
1417996800000,0,0.052857142857143,0.02,0.01,0,0.90285714285714,14.981428571429,1417996800000
1418601600000,0,0.085714285714286,0.02,0.01,0,0.89142857142857,15.841428571429,1418601600000
1419206400000,0,0.035714285714286,0.02,0.01,0,0.85285714285714,16.58,1419206400000
1419811200000,0.0042857142857143,0.072857142857143,0.02,0.01,0,0.93142857142857,17.722857142857,1419811200000
1420416000000,0.0014285714285714,0.08,0.017142857142857,0.01,0,1.0714285714286,15.802857142857,1420416000000
1421020800000,0,0.052857142857143,0.02,0.01,0,1.0757142857143,17.172857142857,1421020800000
1421625600000,0.0042857142857143,0.072857142857143,0.021428571428571,0.01,0,1.0271428571429,16.998571428571,1421625600000
1422230400000,0.0071428571428571,0.054285714285714,0.02,0.01,0,1.0514285714286,16.585714285714,1422230400000
1422835200000,0.0028571428571429,0.074285714285714,0.02,0.01,0,1.05,16.93,1422835200000
1423440000000,0.014285714285714,0.052857142857143,0.02,0.01,0,1.0257142857143,16.175714285714,1423440000000
1424044800000,0.0028571428571429,0.058571428571429,0.02,0.01,0,1.04,16.275714285714,1424044800000
1424649600000,0.0071428571428571,0.052857142857143,0.02,0.01,0,1.1142857142857,17.048571428571,1424649600000
1425254400000,0.0057142857142857,0.044285714285714,0.022857142857143,0.01,0,1.0314285714286,16.904285714286,1425254400000
1425859200000,0.0028571428571429,0.041428571428571,0.02,0.01,0,1.05,16.927142857143,1425859200000
1426464000000,0,0.051428571428571,0.02,0.01,0,1.0028571428571,17.144285714286,1426464000000
1427068800000,0.0014285714285714,0.048571428571429,0.014285714285714,0.01,0,1.0042857142857,17.711428571429,1427068800000
1427673600000,0,0.057142857142857,0.018571428571429,0.01,0,0.95142857142857,17.63,1427673600000
1428278400000,0,0.06,0.02,0.01,0,0.97285714285714,17.674285714286,1428278400000
1428883200000,0,0.038571428571429,0.018571428571429,0.01,0,0.97,18.811428571429,1428883200000
1429488000000,0,0.062857142857143,0.02,0.01,0,0.94571428571429,18.042857142857,1429488000000
1430092800000,0,0.055714285714286,0.02,0.01,0,0.91714285714286,17.465714285714,1430092800000
1430697600000,0,0.057142857142857,0.02,0.01,0,0.96142857142857,18.721428571429,1430697600000
1431302400000,0,0.08,0.018571428571429,0.0085714285714286,0,0.92142857142857,18.525714285714,1431302400000
1431907200000,0,0.067142857142857,0.02,0.01,0,0.96428571428571,17.341428571429,1431907200000
1432512000000,0.0057142857142857,0.055714285714286,0.02,0.01,0,0.99714285714286,17.557142857143,1432512000000
1433116800000,0.0014285714285714,0.067142857142857,0.02,0.01,0,1.0142857142857,16.955714285714,1433116800000
1433721600000,0.0014285714285714,0.045714285714286,0.02,0.01,0,0.97714285714286,17.384285714286,1433721600000
1434326400000,0,0.11428571428571,0.018571428571429,0.01,0,0.96,17.435714285714,1434326400000
1434931200000,0.0028571428571429,0.084285714285714,0.02,0.01,0,0.98285714285714,17.655714285714,1434931200000
1435536000000,0,0.061428571428571,0.017142857142857,0.01,0,1.1214285714286,17.325714285714,1435536000000
1436140800000,0,0.075714285714286,0.02,0.01,0,1.0914285714286,18.172857142857,1436140800000
1436745600000,0,0.052857142857143,0.02,0.01,0,1.1457142857143,16.597142857143,1436745600000
1437350400000,0,0.045714285714286,0.021428571428571,0.01,0,1.1528571428571,16.232857142857,1437350400000
1437955200000,0,0.051428571428571,0.02,0.01,0,1.1342857142857,16.217142857143,1437955200000
1438560000000,0,0.054285714285714,0.022857142857143,0.01,0,1.1242857142857,15.445714285714,1438560000000
1439164800000,0,0.08,0.02,0.01,0,1.0828571428571,14.94,1439164800000
1439769600000,0.0028571428571429,0.077142857142857,0.021428571428571,0.01,0,1.13,14.884285714286,1439769600000
1440374400000,0,0.057142857142857,0.021428571428571,0.01,0,1.1342857142857,15.165714285714,1440374400000
1440979200000,0,0.062857142857143,0.024285714285714,0.01,0,1.14,15.408571428571,1440979200000
1441584000000,0.0014285714285714,0.071428571428571,0.028571428571429,0.01,0,1.1585714285714,16.16,1441584000000
1442188800000,0,0.078571428571429,0.027142857142857,0.01,0,1.17,14.49,1442188800000
1442793600000,0,0.054285714285714,0.03,0.01,0,1.1928571428571,14.241428571429,1442793600000
1443398400000,0,0.055714285714286,0.031428571428571,0.01,0,1.1785714285714,14.807142857143,1443398400000
1444003200000,0,0.038571428571429,0.032857142857143,0.01,0,1.22,14.374285714286,1444003200000
1444608000000,0,0.091428571428571,0.031428571428571,0.01,0,1.2585714285714,14.93,1444608000000
1445212800000,0,0.054285714285714,0.032857142857143,0.01,0,1.2385714285714,14.188571428571,1445212800000
1445817600000,0,0.068571428571429,0.031428571428571,0.01,0,1.2,14.577142857143,1445817600000
1446422400000,0,0.044285714285714,0.034285714285714,0.01,0,1.2528571428571,14.464285714286,1446422400000
1447027200000,0,0.052857142857143,0.028571428571429,0.0085714285714286,0,1.42,14.872857142857,1447027200000
1447632000000,0,0.058571428571429,0.027142857142857,0.01,0,1.4514285714286,15.138571428571,1447632000000
1448236800000,0,0.085714285714286,0.032857142857143,0.01,0,1.33,13.907142857143,1448236800000
1448841600000,0.0014285714285714,0.055714285714286,0.032857142857143,0.01,0,1.3128571428571,13.96,1448841600000
1449446400000,0,0.088571428571429,0.037142857142857,0.01,0,1.3442857142857,13.552857142857,1449446400000
1450051200000,0.0014285714285714,0.085714285714286,0.038571428571429,0.01,0,1.2842857142857,14.075714285714,1450051200000
1450656000000,0,0.064285714285714,0.044285714285714,0.01,0,1.2585714285714,14.641428571429,1450656000000
1451260800000,0,0.045714285714286,0.054285714285714,0.01,0,1.2428571428571,14.261428571429,1451260800000
1451865600000,0,0.052857142857143,0.045714285714286,0.01,0,1.3314285714286,14.352857142857,1451865600000
1452470400000,0.0028571428571429,0.077142857142857,0.047142857142857,0.01,0,1.2728571428571,14.434285714286,1452470400000
1453075200000,0.0028571428571429,0.075714285714286,0.048571428571429,0.012857142857143,0.0014285714285714,1.1285714285714,16.968571428571,1453075200000
1453680000000,0,0.07,0.057142857142857,0.018571428571429,0.0014285714285714,1.1757142857143,13.985714285714,1453680000000
1454284800000,0.0014285714285714,0.065714285714286,0.057142857142857,0.02,0,1.1928571428571,13.477142857143,1454284800000
1454889600000,0.0057142857142857,0.058571428571429,0.058571428571429,0.02,0.0085714285714286,1.2085714285714,14.068571428571,1454889600000
1455494400000,0.0028571428571429,0.065714285714286,0.057142857142857,0.017142857142857,0.0028571428571429,1.1971428571429,14.002857142857,1455494400000
1456099200000,0,0.047142857142857,0.057142857142857,0.017142857142857,0.0042857142857143,1.1585714285714,13.771428571429,1456099200000
1456704000000,0.01,0.052857142857143,0.057142857142857,0.018571428571429,0.0014285714285714,1.1685714285714,13.595714285714,1456704000000
1457308800000,0.0014285714285714,0.064285714285714,0.057142857142857,0.017142857142857,0,1.1942857142857,13.46,1457308800000
1457913600000,0.0028571428571429,0.075714285714286,0.044285714285714,0.018571428571429,0.0028571428571429,1.1585714285714,13.021428571429,1457913600000
1458518400000,0.0042857142857143,0.071428571428571,0.037142857142857,0.017142857142857,0,1.2542857142857,14.08,1458518400000
1459123200000,0,0.065714285714286,0.038571428571429,0.017142857142857,0,1.1842857142857,13.351428571429,1459123200000
1459728000000,0,0.11571428571429,0.032857142857143,0.017142857142857,0,1.3085714285714,13.43,1459728000000
1460332800000,0,0.098571428571429,0.041428571428571,0.017142857142857,0.0028571428571429,1.2271428571429,13.43,1460332800000
1460937600000,0,0.08,0.062857142857143,0.02,0,1.1728571428571,14.315714285714,1460937600000
1461542400000,0,0.057142857142857,0.061428571428571,0.02,0.0071428571428571,1.1285714285714,14.931428571429,1461542400000
1462147200000,0.0014285714285714,0.095714285714286,0.068571428571429,0.017142857142857,0,1.16,15.968571428571,1462147200000
1462752000000,0.0028571428571429,0.077142857142857,0.07,0.017142857142857,0.0014285714285714,1.1157142857143,15.997142857143,1462752000000
1463356800000,0,0.061428571428571,0.082857142857143,0.018571428571429,0.0028571428571429,1.0957142857143,15.474285714286,1463356800000
1463961600000,0,0.065714285714286,0.084285714285714,0.017142857142857,0.0042857142857143,1.1614285714286,15.562857142857,1463961600000
1464566400000,0,0.072857142857143,0.087142857142857,0.018571428571429,0.0057142857142857,1.1271428571429,15.83,1464566400000
1465171200000,0.0028571428571429,0.08,0.094285714285714,0.017142857142857,0.0085714285714286,1.1542857142857,15.794285714286,1465171200000
1465776000000,0.0014285714285714,0.048571428571429,0.091428571428571,0.018571428571429,0.011428571428571,1.1971428571429,15.435714285714,1465776000000
1466380800000,0,0.058571428571429,0.084285714285714,0.025714285714286,0.018571428571429,1.2185714285714,15.841428571429,1466380800000
1466985600000,0,0.051428571428571,0.085714285714286,0.021428571428571,0.014285714285714,1.23,15.887142857143,1466985600000
1467590400000,0,0.085714285714286,0.087142857142857,0.024285714285714,0.012857142857143,1.1985714285714,16.891428571429,1467590400000
1468195200000,0,0.052857142857143,0.068571428571429,0.017142857142857,0.015714285714286,1.4328571428571,15.332857142857,1468195200000
1468800000000,0,0.04,0.077142857142857,0.017142857142857,0.018571428571429,1.4271428571429,15.591428571429,1468800000000
1469404800000,0,0.048571428571429,0.088571428571429,0.017142857142857,0.014285714285714,1.4142857142857,15.435714285714,1469404800000
1470009600000,0.0014285714285714,0.077142857142857,0.097142857142857,0.017142857142857,0.021428571428571,1.3828571428571,14.385714285714,1470009600000
1470614400000,0,0.065714285714286,0.10142857142857,0.017142857142857,0.014285714285714,1.3871428571429,14.924285714286,1470614400000
1471219200000,0,0.068571428571429,0.11,0.017142857142857,0.024285714285714,1.3671428571429,15.47,1471219200000
1471824000000,0,0.077142857142857,0.11142857142857,0.017142857142857,0.02,1.3485714285714,16.6,1471824000000
1472428800000,0,0.074285714285714,0.11142857142857,0.017142857142857,0.021428571428571,1.33,15.681428571429,1472428800000
1473033600000,0,0.08,0.11285714285714,0.017142857142857,0.022857142857143,1.35,15.885714285714,1473033600000
1473638400000,0,0.065714285714286,0.12142857142857,0.017142857142857,0.018571428571429,1.2857142857143,14.958571428571,1473638400000
1474243200000,0.0028571428571429,0.048571428571429,0.13,0.018571428571429,0.024285714285714,1.3114285714286,15.265714285714,1474243200000
1474848000000,0.0085714285714286,0.057142857142857,0.13571428571429,0.017142857142857,0.027142857142857,1.2928571428571,14.855714285714,1474848000000
1475452800000,0.0014285714285714,0.047142857142857,0.14857142857143,0.02,0.022857142857143,1.2771428571429,15.885714285714,1475452800000
1476057600000,0.0042857142857143,0.064285714285714,0.15285714285714,0.02,0.028571428571429,1.2557142857143,15.632857142857,1476057600000
1476662400000,0.0014285714285714,0.058571428571429,0.14285714285714,0.018571428571429,0.025714285714286,1.21,16.001428571429,1476662400000
1477267200000,0.0014285714285714,0.037142857142857,0.15857142857143,0.017142857142857,0.024285714285714,1.2342857142857,15.484285714286,1477267200000
1477872000000,0,0.057142857142857,0.15714285714286,0.018571428571429,0.024285714285714,1.1671428571429,16.777142857143,1477872000000
1478476800000,0,0.052857142857143,0.14857142857143,0.017142857142857,0.02,1.2057142857143,15.341428571429,1478476800000
1479081600000,0.0028571428571429,0.10428571428571,0.15571428571429,0.018571428571429,0.022857142857143,1.24,14.817142857143,1479081600000
1479686400000,0,0.051428571428571,0.14857142857143,0.017142857142857,0.024285714285714,1.2757142857143,14.065714285714,1479686400000
1480291200000,0,0.085714285714286,0.13571428571429,0.017142857142857,0.038571428571429,1.3442857142857,14.491428571429,1480291200000
1480896000000,0,0.055714285714286,0.12571428571429,0.017142857142857,0.037142857142857,1.32,15.217142857143,1480896000000
1481500800000,0.0014285714285714,0.06,0.11428571428571,0.017142857142857,0.03,1.2971428571429,14.648571428571,1481500800000
1482105600000,0.0057142857142857,0.055714285714286,0.12857142857143,0.017142857142857,0.022857142857143,1.26,14.354285714286,1482105600000
1482710400000,0.0071428571428571,0.027142857142857,0.14428571428571,0.014285714285714,0.028571428571429,1.2514285714286,14.951428571429,1482710400000
1483315200000,0.0085714285714286,0.06,0.16571428571429,0.017142857142857,0.031428571428571,1.2771428571429,14.908571428571,1483315200000
1483920000000,0.0071428571428571,0.052857142857143,0.16,0.017142857142857,0.038571428571429,1.2771428571429,14.325714285714,1483920000000
1484524800000,0.0057142857142857,0.055714285714286,0.14857142857143,0.017142857142857,0.034285714285714,1.2857142857143,14.494285714286,1484524800000
1485129600000,0.0057142857142857,0.061428571428571,0.15714285714286,0.017142857142857,0.038571428571429,1.3614285714286,14.557142857143,1485129600000
1485734400000,0.01,0.062857142857143,0.15714285714286,0.017142857142857,0.058571428571429,1.3042857142857,14.641428571429,1485734400000
1486339200000,0.01,0.062857142857143,0.16142857142857,0.017142857142857,0.052857142857143,1.3028571428571,15.127142857143,1486339200000
1486944000000,0.01,0.07,0.16714285714286,0.017142857142857,0.052857142857143,1.2914285714286,14.721428571429,1486944000000
1487548800000,0.0085714285714286,0.068571428571429,0.17857142857143,0.017142857142857,0.044285714285714,1.2642857142857,15.298571428571,1487548800000
1488153600000,0.0071428571428571,0.045714285714286,0.16285714285714,0.017142857142857,0.05,1.2828571428571,14.72,1488153600000
1488758400000,0.0071428571428571,0.055714285714286,0.16285714285714,0.017142857142857,0.052857142857143,1.2828571428571,14.022857142857,1488758400000
1489363200000,0.0071428571428571,0.058571428571429,0.15857142857143,0.017142857142857,0.054285714285714,1.2814285714286,13.905714285714,1489363200000
1489968000000,0.0057142857142857,0.055714285714286,0.16142857142857,0.017142857142857,0.06,1.29,14.518571428571,1489968000000
1490572800000,0.0071428571428571,0.051428571428571,0.16,0.018571428571429,0.07,1.2842857142857,14.544285714286,1490572800000
1491177600000,0.0042857142857143,0.047142857142857,0.14285714285714,0.017142857142857,0.074285714285714,1.2642857142857,14.585714285714,1491177600000
1491782400000,0,0.051428571428571,0.15571428571429,0.017142857142857,0.06,1.2671428571429,15.39,1491782400000
1492387200000,0,0.047142857142857,0.12857142857143,0.017142857142857,0.071428571428571,1.2471428571429,15.217142857143,1492387200000
1492992000000,0.0028571428571429,0.051428571428571,0.087142857142857,0.017142857142857,0.064285714285714,1.2242857142857,15.355714285714,1492992000000
1493596800000,0.0057142857142857,0.058571428571429,0.088571428571429,0.017142857142857,0.068571428571429,1.2771428571429,14.987142857143,1493596800000
1494201600000,0.0042857142857143,0.058571428571429,0.088571428571429,0.017142857142857,0.065714285714286,1.2628571428571,14.82,1494201600000
1494806400000,0.0042857142857143,0.064285714285714,0.081428571428571,0.017142857142857,0.068571428571429,1.2285714285714,15.152857142857,1494806400000
1495411200000,0.0057142857142857,0.057142857142857,0.09,0.017142857142857,0.082857142857143,1.3485714285714,14.777142857143,1495411200000
1496016000000,0.0057142857142857,0.058571428571429,0.12142857142857,0.017142857142857,0.08,1.31,14.23,1496016000000
1496620800000,0.0028571428571429,0.051428571428571,0.14285714285714,0.017142857142857,0.081428571428571,1.3285714285714,13.995714285714,1496620800000
1497225600000,0,0.051428571428571,0.15571428571429,0.017142857142857,0.092857142857143,1.3171428571429,13.852857142857,1497225600000
1497830400000,0,0.041428571428571,0.16142857142857,0.017142857142857,0.085714285714286,1.3014285714286,14.034285714286,1497830400000
1498435200000,0.0085714285714286,0.047142857142857,0.15428571428571,0.021428571428571,0.10857142857143,1.31,14.588571428571,1498435200000
1499040000000,0,0.05,0.14,0.02,0.084285714285714,1.32,14.867142857143,1499040000000
1499644800000,0.0085714285714286,0.044285714285714,0.14,0.018571428571429,0.084285714285714,1.2985714285714,14.627142857143,1499644800000
1500249600000,0.0014285714285714,0.042857142857143,0.13428571428571,0.015714285714286,0.10285714285714,1.32,14.078571428571,1500249600000
1500854400000,0.0057142857142857,0.047142857142857,0.14,0.011428571428571,0.087142857142857,1.32,13.932857142857,1500854400000
1501459200000,0.0014285714285714,0.035714285714286,0.13857142857143,0.01,0.088571428571429,1.3271428571429,13.57,1501459200000
1502064000000,0.0014285714285714,0.042857142857143,0.15285714285714,0.015714285714286,0.085714285714286,1.3042857142857,13.478571428571,1502064000000
1502668800000,0.0042857142857143,0.048571428571429,0.15,0.011428571428571,0.09,1.37,13.038571428571,1502668800000
1503273600000,0.0071428571428571,0.042857142857143,0.15714285714286,0.01,0.097142857142857,1.3514285714286,12.958571428571,1503273600000
1503878400000,0.0071428571428571,0.047142857142857,0.18,0.01,0.081428571428571,1.3314285714286,12.657142857143,1503878400000
1504483200000,0.0085714285714286,0.042857142857143,0.18,0.01,0.091428571428571,1.3157142857143,12.954285714286,1504483200000
1505088000000,0.0085714285714286,0.041428571428571,0.18285714285714,0.011428571428571,0.097142857142857,1.3071428571429,12.675714285714,1505088000000
1505692800000,0.0071428571428571,0.038571428571429,0.19,0.011428571428571,0.085714285714286,1.3457142857143,12.227142857143,1505692800000
1506297600000,0.0028571428571429,0.04,0.17285714285714,0.012857142857143,0.085714285714286,1.3385714285714,11.77,1506297600000
1506902400000,0,0.042857142857143,0.18714285714286,0.011428571428571,0.082857142857143,1.37,12.508571428571,1506902400000
1507507200000,0,0.05,0.18142857142857,0.01,0.094285714285714,1.32,12.618571428571,1507507200000
1508112000000,0,0.035714285714286,0.18714285714286,0.01,0.09,1.3714285714286,12.375714285714,1508112000000
1508716800000,0,0.035714285714286,0.18714285714286,0.01,0.10857142857143,1.4228571428571,11.854285714286,1508716800000
1509321600000,0,0.041428571428571,0.18428571428571,0.011428571428571,0.1,1.4214285714286,12.16,1509321600000
1509926400000,0,0.035714285714286,0.15857142857143,0.011428571428571,0.10714285714286,1.4742857142857,12.581428571429,1509926400000
1510531200000,0,0.037142857142857,0.16,0.011428571428571,0.12,1.4742857142857,11.562857142857,1510531200000
1511136000000,0,0.028571428571429,0.17571428571429,0.01,0.12285714285714,1.4085714285714,11.832857142857,1511136000000
1511740800000,0,0.032857142857143,0.17,0.015714285714286,0.13142857142857,1.3928571428571,11.661428571429,1511740800000
1512345600000,0,0.03,0.17714285714286,0.012857142857143,0.12285714285714,1.3628571428571,11.487142857143,1512345600000
1512950400000,0,0.038571428571429,0.18714285714286,0.01,0.11,1.3142857142857,11.09,1512950400000
1513555200000,0,0.04,0.19142857142857,0.015714285714286,0.13142857142857,1.3714285714286,11.355714285714,1513555200000
1514160000000,0,0.03,0.24714285714286,0.01,0.13142857142857,1.3057142857143,12,1514160000000
1514764800000,0,0.034285714285714,0.25,0.015714285714286,0.14428571428571,1.3914285714286,11.365714285714,1514764800000
1515369600000,0,0.035714285714286,0.22714285714286,0.017142857142857,0.18285714285714,1.4171428571429,11.038571428571,1515369600000
1515974400000,0,0.037142857142857,0.23285714285714,0.015714285714286,0.17428571428571,1.38,10.67,1515974400000
1516579200000,0,0.034285714285714,0.26142857142857,0.012857142857143,0.17571428571429,1.3828571428571,10.37,1516579200000
1517184000000,0,0.03,0.23428571428571,0.01,0.18142857142857,1.3614285714286,10.414285714286,1517184000000
1517788800000,0,0.03,0.21857142857143,0.014285714285714,0.16428571428571,1.38,9.9085714285714,1517788800000
1518393600000,0,0.027142857142857,0.23857142857143,0.014285714285714,0.18571428571429,1.3285714285714,9.5814285714286,1518393600000
1518998400000,0,0.027142857142857,0.23142857142857,0.017142857142857,0.23142857142857,1.3185714285714,9.5028571428571,1518998400000
1519603200000,0,0.028571428571429,0.19857142857143,0.018571428571429,0.2,1.3157142857143,9.7071428571429,1519603200000
1520208000000,0,0.028571428571429,0.19428571428571,0.017142857142857,0.21142857142857,1.3071428571429,10.515714285714,1520208000000
1520812800000,0,0.03,0.19,0.017142857142857,0.23428571428571,1.3157142857143,10.31,1520812800000
1521417600000,0,0.032857142857143,0.17714285714286,0.017142857142857,0.22428571428571,1.3271428571429,10.904285714286,1521417600000
1522022400000,0,0.034285714285714,0.18714285714286,0.017142857142857,0.2,1.3128571428571,10.602857142857,1522022400000
1522627200000,0,0.03,0.18,0.017142857142857,0.31857142857143,1.3571428571429,10.92,1522627200000
1523232000000,0,0.034285714285714,0.16,0.017142857142857,0.28285714285714,1.34,10.534285714286,1523232000000
1523836800000,0,0.028571428571429,0.15714285714286,0.017142857142857,0.24857142857143,1.3371428571429,10.577142857143,1523836800000
1524441600000,0,0.031428571428571,0.17142857142857,0.018571428571429,0.25285714285714,1.2971428571429,10.221428571429,1524441600000
1525046400000,0,0.03,0.19,0.017142857142857,0.26428571428571,1.2442857142857,10.362857142857,1525046400000
1525651200000,0,0.027142857142857,0.15857142857143,0.017142857142857,0.28714285714286,1.2414285714286,10.501428571429,1525651200000
1526256000000,0.0014285714285714,0.03,0.17142857142857,0.017142857142857,0.39,1.2228571428571,10.482857142857,1526256000000
1526860800000,0.0028571428571429,0.025714285714286,0.21142857142857,0.018571428571429,0.35571428571429,1.2485714285714,10.39,1526860800000
1527465600000,0,0.027142857142857,0.18857142857143,0.021428571428571,0.31,1.32,9.9571428571429,1527465600000
1528070400000,0,0.03,0.21142857142857,0.027142857142857,0.29285714285714,1.2757142857143,9.5142857142857,1528070400000
1528675200000,0,0.024285714285714,0.20285714285714,0.024285714285714,0.26285714285714,1.2142857142857,8.6328571428571,1528675200000
1529280000000,0,0.022857142857143,0.20428571428571,0.021428571428571,0.23857142857143,1.1871428571429,8.3728571428571,1529280000000
1529884800000,0,0.024285714285714,0.19142857142857,0.025714285714286,0.26,1.2142857142857,8.1785714285714,1529884800000
1530489600000,0,0.021428571428571,0.17,0.028571428571429,0.27285714285714,1.2771428571429,8.0485714285714,1530489600000
1531094400000,0,0.022857142857143,0.15285714285714,0.028571428571429,0.28714285714286,1.2957142857143,8.4314285714286,1531094400000
1531699200000,0,0.027142857142857,0.15285714285714,0.034285714285714,0.31714285714286,1.3357142857143,8.8757142857143,1531699200000
1532304000000,0,0.027142857142857,0.15285714285714,0.027142857142857,0.29285714285714,1.3071428571429,8.6842857142857,1532304000000
1532908800000,0,0.025714285714286,0.15857142857143,0.028571428571429,0.31,1.3085714285714,8.31,1532908800000
1533513600000,0,0.022857142857143,0.15428571428571,0.027142857142857,0.29428571428571,1.2742857142857,8.0814285714286,1533513600000
1534118400000,0,0.021428571428571,0.15285714285714,0.028571428571429,0.29142857142857,1.2485714285714,8.5571428571429,1534118400000
1534723200000,0,0.022857142857143,0.16,0.027142857142857,0.32,1.2585714285714,8.7057142857143,1534723200000
1535328000000,0,0.024285714285714,0.15571428571429,0.034285714285714,0.35571428571429,1.2628571428571,8.0842857142857,1535328000000
1535932800000,0,0.022857142857143,0.15285714285714,0.032857142857143,0.35,1.2742857142857,8.77,1535932800000
1536537600000,0,0.021428571428571,0.14285714285714,0.03,0.33,1.19,9.64,1536537600000
1537142400000,0,0.015714285714286,0.14285714285714,0.03,0.30142857142857,1.1814285714286,9.7057142857143,1537142400000
1537747200000,0,0.02,0.14,0.028571428571429,0.28428571428571,1.1714285714286,9.61,1537747200000
1538352000000,0,0.021428571428571,0.14857142857143,0.027142857142857,0.31428571428571,1.16,9.0342857142857,1538352000000
1538956800000,0,0.02,0.15285714285714,0.027142857142857,0.34571428571429,1.1428571428571,9.1571428571429,1538956800000
1539561600000,0,0.017142857142857,0.14428571428571,0.027142857142857,0.31285714285714,1.1171428571429,9.5042857142857,1539561600000
1540166400000,0,0.018571428571429,0.14857142857143,0.027142857142857,0.32142857142857,1.1185714285714,9.3385714285714,1540166400000
1540771200000,0,0.017142857142857,0.14,0.025714285714286,0.35428571428571,1.1542857142857,9.1557142857143,1540771200000
1541376000000,0,0.021428571428571,0.14,0.027142857142857,0.34714285714286,1.0928571428571,9.2842857142857,1541376000000
1541980800000,0,0.018571428571429,0.13857142857143,0.031428571428571,0.30714285714286,1.15,9.9071428571429,1541980800000
1542585600000,0,0.021428571428571,0.13571428571429,0.031428571428571,0.26857142857143,1.1785714285714,9.3542857142857,1542585600000
1543190400000,0,0.024285714285714,0.13285714285714,0.03,0.24857142857143,1.1671428571429,8.78,1543190400000
1543795200000,0,0.027142857142857,0.13428571428571,0.03,0.24142857142857,1.1985714285714,9.3785714285714,1543795200000
1544400000000,0,0.018571428571429,0.13285714285714,0.032857142857143,0.28142857142857,1.1914285714286,9.7471428571429,1544400000000
1545004800000,0,0.022857142857143,0.13857142857143,0.032857142857143,0.29285714285714,1.19,10.105714285714,1545004800000
1545609600000,0,0.015714285714286,0.14857142857143,0.024285714285714,0.33428571428571,1.14,10.534285714286,1545609600000
1546214400000,0,0.017142857142857,0.15285714285714,0.028571428571429,0.28857142857143,1.2042857142857,10.04,1546214400000
1546819200000,0,0.022857142857143,0.14428571428571,0.037142857142857,0.33428571428571,1.2242857142857,10.278571428571,1546819200000
1547424000000,0,0.021428571428571,0.13857142857143,0.034285714285714,0.30571428571429,1.2285714285714,9.5414285714286,1547424000000
1548028800000,0,0.018571428571429,0.14,0.034285714285714,0.30714285714286,1.2014285714286,9.5328571428571,1548028800000
1548633600000,0,0.018571428571429,0.14428571428571,0.034285714285714,0.28571428571429,1.2028571428571,9.25,1548633600000
1549238400000,0,0.018571428571429,0.14428571428571,0.035714285714286,0.26142857142857,1.2642857142857,9.8442857142857,1549238400000
1549843200000,0,0.02,0.14571428571429,0.034285714285714,0.30142857142857,1.26,9.6871428571429,1549843200000
1550448000000,0,0.02,0.14571428571429,0.034285714285714,0.32428571428571,1.3257142857143,9.9842857142857,1550448000000
1551052800000,0,0.017142857142857,0.14571428571429,0.032857142857143,0.38,1.2671428571429,10.057142857143,1551052800000
1551657600000,0,0.02,0.15285714285714,0.038571428571429,0.32428571428571,1.2628571428571,10.141428571429,1551657600000
1552262400000,0,0.017142857142857,0.14285714285714,0.031428571428571,0.36,1.33,10.185714285714,1552262400000
1552867200000,0,0.022857142857143,0.14428571428571,0.032857142857143,0.38857142857143,1.37,10.538571428571,1552867200000
1553472000000,0,0.018571428571429,0.14428571428571,0.034285714285714,0.38,1.3085714285714,10.285714285714,1553472000000
1554076800000,0,0.02,0.14428571428571,0.037142857142857,0.37714285714286,1.33,10.498571428571,1554076800000
1554681600000,0,0.014285714285714,0.14285714285714,0.034285714285714,0.38857142857143,1.3457142857143,10.437142857143,1554681600000
1555286400000,0,0.015714285714286,0.12857142857143,0.031428571428571,0.33,1.3442857142857,10.924285714286,1555286400000
1555891200000,0,0.015714285714286,0.12714285714286,0.032857142857143,0.37285714285714,1.25,11.075714285714,1555891200000
1556496000000,0,0.012857142857143,0.12571428571429,0.032857142857143,0.36857142857143,1.2871428571429,10.435714285714,1556496000000
1557100800000,0,0.014285714285714,0.11714285714286,0.032857142857143,0.42571428571429,1.3128571428571,10.891428571429,1557100800000
1557705600000,0,0.017142857142857,0.11714285714286,0.034285714285714,0.36285714285714,1.29,10.845714285714,1557705600000
1558310400000,0,0.014285714285714,0.10428571428571,0.03,0.28714285714286,1.4157142857143,10.208571428571,1558310400000
1558915200000,0,0.017142857142857,0.11142857142857,0.031428571428571,0.30857142857143,1.3371428571429,11,1558915200000
1559520000000,0,0.017142857142857,0.11,0.032857142857143,0.29285714285714,1.2614285714286,11.287142857143,1559520000000
1560124800000,0,0.014285714285714,0.11,0.032857142857143,0.29142857142857,1.2528571428571,11.848571428571,1560124800000
1560729600000,0,0.012857142857143,0.10857142857143,0.032857142857143,0.32428571428571,1.2271428571429,11.335714285714,1560729600000
1561334400000,0,0.017142857142857,0.10571428571429,0.034285714285714,0.28428571428571,1.2571428571429,11.372857142857,1561334400000
1561939200000,0,0.015714285714286,0.10857142857143,0.034285714285714,0.25857142857143,1.2328571428571,11.435714285714,1561939200000
1562544000000,0,0.018571428571429,0.11,0.034285714285714,0.28428571428571,1.27,11.374285714286,1562544000000
1563148800000,0,0.015714285714286,0.11142857142857,0.034285714285714,0.24142857142857,1.2285714285714,11.252857142857,1563148800000
1563753600000,0,0.017142857142857,0.10857142857143,0.034285714285714,0.23285714285714,1.2228571428571,10.902857142857,1563753600000
1564358400000,0,0.018571428571429,0.11142857142857,0.035714285714286,0.22857142857143,1.23,11.115714285714,1564358400000
1564963200000,0,0.021428571428571,0.11428571428571,0.034285714285714,0.27,1.2357142857143,10.607142857143,1564963200000
1565568000000,0,0.02,0.1,0.03,0.25571428571429,1.2071428571429,11.182857142857,1565568000000
1566172800000,0,0.018571428571429,0.10285714285714,0.034285714285714,0.24714285714286,1.1985714285714,11.067142857143,1566172800000
1566777600000,0,0.012857142857143,0.095714285714286,0.034285714285714,0.27714285714286,1.2442857142857,11.575714285714,1566777600000
1567382400000,0,0.018571428571429,0.091428571428571,0.032857142857143,0.29857142857143,1.2257142857143,11.558571428571,1567382400000
1567987200000,0,0.015714285714286,0.085714285714286,0.032857142857143,0.27571428571429,1.1871428571429,11.691428571429,1567987200000
1568592000000,0,0.012857142857143,0.087142857142857,0.031428571428571,0.29285714285714,1.1642857142857,11.197142857143,1568592000000
1569196800000,0,0.015714285714286,0.084285714285714,0.031428571428571,0.38714285714286,1.1942857142857,11.628571428571,1569196800000
1569801600000,0,0.018571428571429,0.081428571428571,0.034285714285714,0.28142857142857,1.2314285714286,11.612857142857,1569801600000
1570406400000,0,0.017142857142857,0.084285714285714,0.034285714285714,0.28,1.2685714285714,12.421428571429,1570406400000
1571011200000,0,0.021428571428571,0.084285714285714,0.034285714285714,0.35428571428571,1.2685714285714,12.518571428571,1571011200000
1571616000000,0,0.015714285714286,0.084285714285714,0.04,0.26714285714286,1.2657142857143,12.27,1571616000000
1572220800000,0,0.018571428571429,0.088571428571429,0.037142857142857,0.25857142857143,1.24,11.941428571429,1572220800000
1572825600000,0,0.012857142857143,0.087142857142857,0.044285714285714,0.22714285714286,1.2442857142857,12.098571428571,1572825600000
1573430400000,0,0.011428571428571,0.085714285714286,0.042857142857143,0.21428571428571,1.1957142857143,13.308571428571,1573430400000
1574035200000,0,0.015714285714286,0.085714285714286,0.042857142857143,0.21428571428571,1.1814285714286,13.51,1574035200000
1574640000000,0,0.017142857142857,0.081428571428571,0.042857142857143,0.24571428571429,1.1771428571429,13.711428571429,1574640000000
1575244800000,0,0.022857142857143,0.082857142857143,0.042857142857143,0.25142857142857,1.1871428571429,13.472857142857,1575244800000
1575849600000,0,0.015714285714286,0.08,0.041428571428571,0.25,1.2328571428571,13.897142857143,1575849600000
1576454400000,0,0.015714285714286,0.088571428571429,0.041428571428571,0.21857142857143,1.2057142857143,14.085714285714,1576454400000
1577059200000,0,0.012857142857143,0.088571428571429,0.031428571428571,0.27142857142857,1.1028571428571,15.092857142857,1577059200000
1577664000000,0,0.01,0.08,0.031428571428571,0.29,1.2014285714286,13.45,1577664000000
1578268800000,0,0.012857142857143,0.072857142857143,0.041428571428571,0.38571428571429,1.2642857142857,12.415714285714,1578268800000
1578873600000,0,0.011428571428571,0.078571428571429,0.04,0.29142857142857,1.1942857142857,13.154285714286,1578873600000
1579478400000,0,0.011428571428571,0.08,0.044285714285714,0.33571428571429,1.2328571428571,12.992857142857,1579478400000
1580083200000,0,0.012857142857143,0.078571428571429,0.042857142857143,0.31857142857143,1.18,13.234285714286,1580083200000
1580688000000,0,0.01,0.081428571428571,0.041428571428571,0.27571428571429,1.1771428571429,13.324285714286,1580688000000
1581292800000,0,0.011428571428571,0.082857142857143,0.041428571428571,0.32857142857143,1.2442857142857,12.98,1581292800000
1581897600000,0,0.01,0.078571428571429,0.042857142857143,0.42142857142857,1.2128571428571,12.838571428571,1581897600000
1582502400000,0,0.011428571428571,0.071428571428571,0.045714285714286,0.25142857142857,1.1585714285714,12.024285714286,1582502400000
1583107200000,0,0.012857142857143,0.062857142857143,0.044285714285714,0.24142857142857,1.2114285714286,12.042857142857,1583107200000
1583712000000,0,0.012857142857143,0.048571428571429,0.041428571428571,0.21285714285714,1.2442857142857,12.062857142857,1583712000000
1584316800000,0,0.011428571428571,0.032857142857143,0.044285714285714,0.15857142857143,1.3014285714286,13.4,1584316800000
1584921600000,0,0.014285714285714,0.038571428571429,0.047142857142857,0.16571428571429,1.2857142857143,13.83,1584921600000
1585526400000,,0.01,0.047142857142857,0.052857142857143,0.16857142857143,1.3471428571429,12.858571428571,1585526400000
1586131200000,,0.012857142857143,0.054285714285714,0.052857142857143,0.20428571428571,1.3814285714286,12.755714285714,1586131200000
1586736000000,,0.011428571428571,0.062857142857143,0.042857142857143,0.22142857142857,1.2928571428571,13.244285714286,1586736000000
1587340800000,,0.02,0.064285714285714,0.042857142857143,0.20428571428571,1.2485714285714,13.768571428571,1587340800000
1587945600000,,0.025714285714286,0.067142857142857,0.042857142857143,0.19285714285714,1.23,13.877142857143,1587945600000
1588550400000,,0.024285714285714,0.06,0.042857142857143,0.22142857142857,1.2728571428571,13.71,1588550400000
1589155200000,,0.028571428571429,0.062857142857143,0.041428571428571,0.23714285714286,1.2457142857143,14.67,1589155200000
1589760000000,,0.025714285714286,0.062857142857143,0.04,0.20857142857143,1.2657142857143,14.118571428571,1589760000000
1590364800000,,0.028571428571429,0.054285714285714,0.044285714285714,0.22285714285714,1.3185714285714,13.944285714286,1590364800000
1590969600000,,0.028571428571429,0.054285714285714,0.037142857142857,0.20857142857143,1.25,14.057142857143,1590969600000
1591574400000,,0.025714285714286,0.061428571428571,0.042857142857143,0.22428571428571,1.2442857142857,14.964285714286,1591574400000
1592179200000,,0.032857142857143,0.062857142857143,0.042857142857143,0.23428571428571,1.2714285714286,14.745714285714,1592179200000
1592784000000,,0.027142857142857,0.055714285714286,0.042857142857143,0.23428571428571,1.2914285714286,14.204285714286,1592784000000
1593388800000,,0.03,0.058571428571429,0.041428571428571,0.21571428571429,1.2571428571429,14.264285714286,1593388800000
1593993600000,,0.028571428571429,0.06,0.042857142857143,0.21714285714286,1.3142857142857,14.785714285714,1593993600000
1594598400000,,0.03,0.06,0.041428571428571,0.23285714285714,1.2928571428571,14.412857142857,1594598400000
1595203200000,,0.028571428571429,0.064285714285714,0.044285714285714,0.21857142857143,1.2642857142857,14.54,1595203200000
1595808000000,,0.031428571428571,0.064285714285714,0.044285714285714,0.21857142857143,1.2328571428571,13.858571428571,1595808000000
1596412800000,,0.028571428571429,0.10857142857143,0.038571428571429,0.20428571428571,1.2257142857143,13.352857142857,1596412800000
1597017600000,,0.025714285714286,0.11714285714286,0.04,0.21,1.1757142857143,12.884285714286,1597017600000
1597622400000,,0.027142857142857,0.12714285714286,0.038571428571429,0.19428571428571,1.1957142857143,12.667142857143,1597622400000
1598227200000,,0.027142857142857,0.12,0.041428571428571,0.20428571428571,1.1942857142857,12.99,1598227200000
1598832000000,,0.021428571428571,0.11714285714286,0.042857142857143,0.21142857142857,1.1857142857143,13.288571428571,1598832000000
1599436800000,,0.031428571428571,0.11142857142857,0.044285714285714,0.22428571428571,1.1871428571429,13.258571428571,1599436800000
1600041600000,,0.031428571428571,0.11571428571429,0.042857142857143,0.20857142857143,1.1785714285714,13.382857142857,1600041600000
1600646400000,,0.031428571428571,0.11285714285714,0.044285714285714,0.22,1.1714285714286,13.148571428571,1600646400000
1601251200000,,0.04,0.11285714285714,0.044285714285714,0.20142857142857,1.1628571428571,12.704285714286,1601251200000
1601856000000,,0.041428571428571,0.11,0.048571428571429,0.22285714285714,1.1885714285714,11.462857142857,1601856000000
1602460800000,,0.034285714285714,0.10857142857143,0.048571428571429,0.22714285714286,1.16,11.947142857143,1602460800000
1603065600000,,0.042857142857143,0.11571428571429,0.047142857142857,0.19428571428571,1.2457142857143,11.911428571429,1603065600000
1603670400000,,0.041428571428571,0.10714285714286,0.047142857142857,0.17857142857143,1.2414285714286,11.308571428571,1603670400000
1604275200000,,0.052857142857143,0.095714285714286,0.044285714285714,0.21857142857143,1.2585714285714,10.632857142857,1604275200000
1604880000000,,0.047142857142857,0.11142857142857,0.047142857142857,0.24142857142857,1.2028571428571,11.591428571429,1604880000000
1605484800000,,0.037142857142857,0.11285714285714,0.048571428571429,0.24142857142857,1.1028571428571,11.678571428571,1605484800000
1606089600000,,0.031428571428571,0.10571428571429,0.048571428571429,0.26285714285714,1.1314285714286,11.52,1606089600000
1606694400000,,0.028571428571429,0.10142857142857,0.045714285714286,0.22571428571429,1.0771428571429,11.598571428571,1606694400000
1607299200000,,0.024285714285714,0.092857142857143,0.044285714285714,0.22571428571429,1.0614285714286,11.501428571429,1607299200000
1607904000000,,0.03,0.077142857142857,0.045714285714286,0.22428571428571,1.0785714285714,11.904285714286,1607904000000
1608508800000,,0.024285714285714,0.074285714285714,0.035714285714286,0.21142857142857,1.07,12.017142857143,1608508800000
1609113600000,,0.022857142857143,0.075714285714286,0.032857142857143,0.24142857142857,1.0457142857143,12.404285714286,1609113600000
1609718400000,,0.035714285714286,0.065714285714286,0.042857142857143,0.24428571428571,1.1471428571429,11.561428571429,1609718400000
1610323200000,,0.038571428571429,0.094285714285714,0.044285714285714,0.25571428571429,1.1471428571429,11.781428571429,1610323200000
1610928000000,,0.032857142857143,0.078571428571429,0.048571428571429,0.25,1.1385714285714,11.398571428571,1610928000000
1611532800000,,0.022857142857143,0.085714285714286,0.05,0.23428571428571,1.0957142857143,11.525714285714,1611532800000
1612137600000,,0.024285714285714,0.10285714285714,0.051428571428571,0.25857142857143,1.0671428571429,11.385714285714,1612137600000
1612742400000,,0.028571428571429,0.1,0.054285714285714,0.24142857142857,1.0271428571429,11.34,1612742400000
1613347200000,,0.022857142857143,0.10285714285714,0.052857142857143,0.24857142857143,1.0214285714286,10.92,1613347200000
1613952000000,,0.021428571428571,0.098571428571429,0.055714285714286,0.24,1.0357142857143,11.037142857143,1613952000000
1614556800000,,0.018571428571429,0.10142857142857,0.055714285714286,0.25,1.0057142857143,11.331428571429,1614556800000
1615161600000,,0.018571428571429,0.1,0.057142857142857,0.24285714285714,1.0628571428571,11.568571428571,1615161600000
1615766400000,,0.027142857142857,0.10428571428571,0.061428571428571,0.22571428571429,1.0542857142857,11.152857142857,1615766400000
1616371200000,,0.024285714285714,0.09,0.062857142857143,0.26428571428571,1.0628571428571,11.392857142857,1616371200000
1616976000000,,0.021428571428571,0.074285714285714,0.055714285714286,0.26142857142857,1.0728571428571,11.055714285714,1616976000000
1617580800000,,0.021428571428571,0.08,0.06,0.28,1.0928571428571,10.904285714286,1617580800000
1618185600000,,0.02,0.075714285714286,0.062857142857143,0.26142857142857,1.0771428571429,11.074285714286,1618185600000
1618790400000,,0.018571428571429,0.071428571428571,0.061428571428571,0.27857142857143,1.0942857142857,11.05,1618790400000
1619395200000,,0.02,0.067142857142857,0.064285714285714,0.25857142857143,1.0871428571429,11.25,1619395200000
1620000000000,,0.021428571428571,0.067142857142857,0.061428571428571,0.26714285714286,1.09,12.04,1620000000000
1620604800000,,0.021428571428571,0.064285714285714,0.057142857142857,0.26428571428571,1.0357142857143,12.294285714286,1620604800000
1621209600000,,0.02,0.06,0.06,0.26857142857143,1.0328571428571,11.88,1621209600000
1621814400000,,0.02,0.057142857142857,0.054285714285714,0.28,1.0714285714286,11.254285714286,1621814400000
1622419200000,,0.012857142857143,0.052857142857143,0.057142857142857,0.23285714285714,1.0185714285714,10.205714285714,1622419200000
1623024000000,,0.011428571428571,0.038571428571429,0.055714285714286,0.23428571428571,0.95428571428571,11.16,1623024000000
1623628800000,,0.011428571428571,0.032857142857143,0.055714285714286,0.24,0.94,11.058571428571,1623628800000
1624233600000,,0.02,0.042857142857143,0.061428571428571,0.26285714285714,1.0771428571429,11.842857142857,1624233600000
1624838400000,,0.022857142857143,0.042857142857143,0.058571428571429,0.26142857142857,1.0485714285714,11.65,1624838400000
1625443200000,,0.025714285714286,0.038571428571429,0.057142857142857,0.30142857142857,1.0471428571429,11.744285714286,1625443200000
1626048000000,,0.021428571428571,0.035714285714286,0.054285714285714,0.24428571428571,1.0242857142857,12.235714285714,1626048000000
1626652800000,,0.02,0.035714285714286,0.054285714285714,0.23428571428571,0.99571428571429,12.231428571429,1626652800000
1627257600000,,0.022857142857143,0.044285714285714,0.055714285714286,0.23142857142857,0.99714285714286,12.441428571429,1627257600000
1627862400000,,0.031428571428571,0.042857142857143,0.051428571428571,0.23,1.0728571428571,12.12,1627862400000
1628467200000,,0.028571428571429,0.044285714285714,0.051428571428571,0.22571428571429,1.08,12.861428571429,1628467200000
1629072000000,,0.03,0.042857142857143,0.051428571428571,0.24285714285714,1.0485714285714,12.915714285714,1629072000000
1629676800000,,0.03,0.042857142857143,0.05,0.23142857142857,1.0857142857143,12.348571428571,1629676800000
1630281600000,,0.027142857142857,0.042857142857143,0.054285714285714,0.27,1.08,12.141428571429,1630281600000
1630886400000,,0.03,0.041428571428571,0.052857142857143,0.22571428571429,1.0357142857143,12.054285714286,1630886400000
1631491200000,,0.032857142857143,0.032857142857143,0.051428571428571,0.22857142857143,1.0557142857143,12.611428571429,1631491200000
1632096000000,,0.031428571428571,0.032857142857143,0.051428571428571,0.24714285714286,1.0628571428571,12.802857142857,1632096000000
1632700800000,,0.028571428571429,0.032857142857143,0.051428571428571,0.2,1.0485714285714,12.754285714286,1632700800000
1633305600000,,0.028571428571429,0.035714285714286,0.052857142857143,0.18571428571429,1.05,12.382857142857,1633305600000
1633910400000,,0.03,0.04,0.054285714285714,0.19285714285714,1.05,12.827142857143,1633910400000
1634515200000,,0.027142857142857,0.032857142857143,0.052857142857143,0.23428571428571,1.0585714285714,13.038571428571,1634515200000
1635120000000,,0.024285714285714,0.041428571428571,0.052857142857143,0.19,1.0028571428571,12.607142857143,1635120000000
1635724800000,,0.02,0.037142857142857,0.052857142857143,0.22,0.95428571428571,12.758571428571,1635724800000
1636329600000,,0.028571428571429,0.038571428571429,0.052857142857143,0.19,0.94571428571429,12.818571428571,1636329600000
1636934400000,,0.022857142857143,0.038571428571429,0.05,0.19285714285714,0.95571428571429,12.648571428571,1636934400000
1637539200000,,0.025714285714286,0.034285714285714,0.054285714285714,0.19571428571429,0.95571428571429,12.941428571429,1637539200000
1638144000000,,0.025714285714286,0.032857142857143,0.052857142857143,0.20142857142857,0.96857142857143,12.802857142857,1638144000000
1638748800000,,0.028571428571429,0.041428571428571,0.051428571428571,0.19285714285714,0.95285714285714,12.745714285714,1638748800000
1639353600000,,0.021428571428571,0.041428571428571,0.055714285714286,0.21285714285714,0.99,12.47,1639353600000
1639958400000,,0.022857142857143,0.04,0.048571428571429,0.20285714285714,0.94285714285714,12.837142857143,1639958400000
1640563200000,,0.021428571428571,0.041428571428571,0.047142857142857,0.21142857142857,0.99285714285714,12.847142857143,1640563200000
1641168000000,,0.021428571428571,0.034285714285714,0.055714285714286,0.23857142857143,1.02,12.584285714286,1641168000000
1641772800000,,0.024285714285714,0.032857142857143,0.061428571428571,0.23285714285714,1.0457142857143,12.6,1641772800000
1642377600000,,0.022857142857143,0.034285714285714,0.061428571428571,0.23571428571429,1.0014285714286,11.93,1642377600000
1642982400000,,0.028571428571429,0.032857142857143,0.058571428571429,0.21285714285714,0.97714285714286,11.881428571429,1642982400000
1643587200000,,0.022857142857143,0.034285714285714,0.057142857142857,0.20714285714286,0.96571428571429,12.825714285714,1643587200000
1644192000000,,0.021428571428571,0.038571428571429,0.057142857142857,0.21285714285714,0.94714285714286,13.052857142857,1644192000000
1644796800000,,0.021428571428571,0.034285714285714,0.055714285714286,0.21142857142857,0.91571428571429,12.391428571429,1644796800000
1645401600000,,0.031428571428571,0.028571428571429,0.06,0.21,0.91714285714286,11.444285714286,1645401600000
1646006400000,,0.037142857142857,0.031428571428571,0.065714285714286,0.20142857142857,0.90142857142857,11.68,1646006400000
1646611200000,,0.025714285714286,0.032857142857143,0.058571428571429,0.19142857142857,0.89428571428571,11.774285714286,1646611200000
1647216000000,,0.028571428571429,0.032857142857143,0.054285714285714,0.19285714285714,0.90142857142857,12.105714285714,1647216000000
1647820800000,,0.028571428571429,0.031428571428571,0.054285714285714,0.18428571428571,0.85857142857143,12.4,1647820800000
1648425600000,,0.024285714285714,0.032857142857143,0.055714285714286,0.20571428571429,0.84714285714286,12.412857142857,1648425600000
1649030400000,,0.021428571428571,0.032857142857143,0.055714285714286,0.20714285714286,0.83714285714286,13.267142857143,1649030400000
1649635200000,,0.02,0.037142857142857,0.052857142857143,0.20714285714286,0.85,13.255714285714,1649635200000
1650240000000,,0.021428571428571,0.042857142857143,0.051428571428571,0.20428571428571,0.86142857142857,13.432857142857,1650240000000
1650844800000,,0.025714285714286,0.041428571428571,0.051428571428571,0.18285714285714,0.85285714285714,13.168571428571,1650844800000
1651449600000,,0.018571428571429,0.042857142857143,0.045714285714286,0.18285714285714,0.85428571428571,13.538571428571,1651449600000
1652054400000,,0.018571428571429,0.04,0.051428571428571,0.19857142857143,0.88857142857143,13.514285714286,1652054400000
1652659200000,,0.02,0.037142857142857,0.048571428571429,0.20142857142857,0.89142857142857,13.818571428571,1652659200000
1653264000000,,0.018571428571429,0.038571428571429,0.047142857142857,0.23428571428571,0.89428571428571,13.688571428571,1653264000000
1653868800000,,0.018571428571429,0.035714285714286,0.044285714285714,0.21285714285714,0.90285714285714,13.008571428571,1653868800000
1654473600000,,0.018571428571429,0.037142857142857,0.045714285714286,0.20285714285714,0.89857142857143,13.105714285714,1654473600000
1655078400000,,0.018571428571429,0.034285714285714,0.048571428571429,0.20428571428571,0.91857142857143,13.257142857143,1655078400000
1655683200000,,0.02,0.037142857142857,0.052857142857143,0.19857142857143,0.88285714285714,13.438571428571,1655683200000
1656288000000,,0.018571428571429,0.034285714285714,0.052857142857143,0.18857142857143,0.85857142857143,12.868571428571,1656288000000
1656892800000,,0.017142857142857,0.032857142857143,0.052857142857143,0.19,0.90571428571429,13.612857142857,1656892800000
1657497600000,,0.018571428571429,0.032857142857143,0.054285714285714,0.19142857142857,0.91571428571429,13.98,1657497600000
1658102400000,,0.018571428571429,0.035714285714286,0.051428571428571,0.16714285714286,0.83714285714286,13.821428571429,1658102400000
1658707200000,,0.018571428571429,0.041428571428571,0.05,0.17571428571429,0.86285714285714,13.204285714286,1658707200000
1659312000000,,0.017142857142857,0.038571428571429,0.045714285714286,0.17571428571429,0.83285714285714,13.294285714286,1659312000000
1659916800000,,0.02,0.031428571428571,0.041428571428571,0.16285714285714,0.87,13.344285714286,1659916800000
1660521600000,,0.017142857142857,0.031428571428571,0.042857142857143,0.15571428571429,0.84,13.015714285714,1660521600000
1661126400000,,0.018571428571429,0.035714285714286,0.045714285714286,0.16571428571429,0.86571428571429,13.064285714286,1661126400000
1661731200000,,0.018571428571429,0.037142857142857,0.044285714285714,0.17142857142857,0.86714285714286,13.257142857143,1661731200000
1662336000000,,0.017142857142857,0.034285714285714,0.041428571428571,0.18428571428571,0.86285714285714,12.918571428571,1662336000000
1662940800000,,0.018571428571429,0.035714285714286,0.044285714285714,0.18,0.86285714285714,12.37,1662940800000
1663545600000,,0.021428571428571,0.04,0.042857142857143,0.19714285714286,0.87428571428571,12.301428571429,1663545600000
1664150400000,,0.02,0.042857142857143,0.044285714285714,0.19142857142857,0.88857142857143,11.972857142857,1664150400000
1664755200000,,0.02,0.042857142857143,0.045714285714286,0.18714285714286,0.90142857142857,12.201428571429,1664755200000
1665360000000,,0.018571428571429,0.042857142857143,0.044285714285714,0.18142857142857,0.89714285714286,12.647142857143,1665360000000
1665964800000,,0.02,0.042857142857143,0.047142857142857,0.17285714285714,0.93,12.08,1665964800000
1666569600000,,0.015714285714286,0.041428571428571,0.054285714285714,0.17,0.98428571428571,12.44,1666569600000
1667174400000,,0.02,0.045714285714286,0.044285714285714,0.18285714285714,0.87428571428571,12.315714285714,1667174400000
1667779200000,,0.021428571428571,0.045714285714286,0.044285714285714,0.17285714285714,0.89857142857143,12.188571428571,1667779200000
1668384000000,,0.02,0.042857142857143,0.045714285714286,0.17714285714286,0.86285714285714,11.902857142857,1668384000000
1668988800000,,0.02,0.037142857142857,0.042857142857143,0.15714285714286,0.82142857142857,11.517142857143,1668988800000
1669593600000,,0.017142857142857,0.038571428571429,0.044285714285714,0.16142857142857,0.83428571428571,12.29,1669593600000
1670198400000,,0.017142857142857,0.035714285714286,0.041428571428571,0.16285714285714,0.86428571428571,12.405714285714,1670198400000
1670803200000,,0.017142857142857,0.04,0.047142857142857,0.17285714285714,0.85285714285714,11.525714285714,1670803200000
1671408000000,,0.02,0.04,0.041428571428571,0.16428571428571,0.84285714285714,11.61,1671408000000
1672012800000,,0.012857142857143,0.04,0.035714285714286,0.17428571428571,0.81,12.162857142857,1672012800000
1672617600000,,0.018571428571429,0.038571428571429,0.042857142857143,0.20428571428571,0.87714285714286,12.03,1672617600000
1673222400000,,0.018571428571429,0.042857142857143,0.048571428571429,0.19428571428571,0.81428571428571,11.382857142857,1673222400000
1673827200000,,0.017142857142857,0.042857142857143,0.047142857142857,0.18571428571429,0.83142857142857,11.095714285714,1673827200000
1674432000000,,0.018571428571429,0.042857142857143,0.047142857142857,0.18,0.84428571428571,11.081428571429,1674432000000
1675036800000,,0.018571428571429,0.047142857142857,0.048571428571429,0.18571428571429,0.82,10.914285714286,1675036800000
1675641600000,,0.017142857142857,0.042857142857143,0.047142857142857,0.18142857142857,0.81142857142857,11.177142857143,1675641600000
1676246400000,,0.015714285714286,0.042857142857143,0.045714285714286,0.16428571428571,0.79571428571429,11.265714285714,1676246400000
1676851200000,,0.014285714285714,0.042857142857143,0.044285714285714,0.16571428571429,0.80857142857143,11.368571428571,1676851200000
1677456000000,,0.015,0.04,0.06,0.155,0.8,10.95,1677456000000
1388534400000,,,,,,,,1388534400000,6.974
1389268800000,,,,,,,,1389268800000,7.4414285714286
1389873600000,,,,,,,,1389873600000,6.7228571428571
1390478400000,,,,,,,,1390478400000,6.8771428571429
1391083200000,,,,,,,,1391083200000,7.1857142857143
1391688000000,,,,,,,,1391688000000,7.4028571428571
1392292800000,,,,,,,,1392292800000,7.2814285714286
1392897600000,,,,,,,,1392897600000,7.2685714285714
1393502400000,,,,,,,,1393502400000,7.1557142857143
1394107200000,,,,,,,,1394107200000,7.0957142857143
1394712000000,,,,,,,,1394712000000,7.0728571428571
1395316800000,,,,,,,,1395316800000,6.6614285714286
1395921600000,,,,,,,,1395921600000,6.7414285714286
1396526400000,,,,,,,,1396526400000,6.7214285714286
1397131200000,,,,,,,,1397131200000,7.18
1397736000000,,,,,,,,1397736000000,7.5657142857143
1398340800000,,,,,,,,1398340800000,7.3457142857143
1398945600000,,,,,,,,1398945600000,8.0757142857143
1399550400000,,,,,,,,1399550400000,7.66
1400155200000,,,,,,,,1400155200000,7.6428571428571
1400760000000,,,,,,,,1400760000000,7.8528571428571
1401364800000,,,,,,,,1401364800000,8.2742857142857
1401969600000,,,,,,,,1401969600000,8.4857142857143
1402574400000,,,,,,,,1402574400000,8.8985714285714
1403179200000,,,,,,,,1403179200000,8.5742857142857
1403784000000,,,,,,,,1403784000000,8.97
1404388800000,,,,,,,,1404388800000,9.2928571428571
1404993600000,,,,,,,,1404993600000,9.3471428571429
1405598400000,,,,,,,,1405598400000,9.4328571428571
1406203200000,,,,,,,,1406203200000,9.6942857142857
1406808000000,,,,,,,,1406808000000,9.5785714285714
1407412800000,,,,,,,,1407412800000,9.3828571428571
1408017600000,,,,,,,,1408017600000,9.4828571428571
1408622400000,,,,,,,,1408622400000,9.3571428571429
1409227200000,,,,,,,,1409227200000,9.3057142857143
1409832000000,,,,,,,,1409832000000,10.162857142857
1410436800000,,,,,,,,1410436800000,10.757142857143
1411041600000,,,,,,,,1411041600000,10.618571428571
1411646400000,,,,,,,,1411646400000,11.342857142857
1412251200000,,,,,,,,1412251200000,11.187142857143
1412856000000,,,,,,,,1412856000000,11.557142857143
1413460800000,,,,,,,,1413460800000,11.598571428571
1414065600000,,,,,,,,1414065600000,12.327142857143
1414670400000,,,,,,,,1414670400000,14.037142857143
1415275200000,,,,,,,,1415275200000,13.691428571429
1415880000000,,,,,,,,1415880000000,14.365714285714
1416484800000,,,,,,,,1416484800000,15.095714285714
1417089600000,,,,,,,,1417089600000,14.684285714286
1417694400000,,,,,,,,1417694400000,14.582857142857
1418299200000,,,,,,,,1418299200000,14.981428571429
1418904000000,,,,,,,,1418904000000,15.841428571429
1419508800000,,,,,,,,1419508800000,16.58
1420113600000,,,,,,,,1420113600000,17.722857142857
1420718400000,,,,,,,,1420718400000,15.802857142857
1421323200000,,,,,,,,1421323200000,17.172857142857
1421928000000,,,,,,,,1421928000000,16.998571428571
1422532800000,,,,,,,,1422532800000,16.585714285714
1423137600000,,,,,,,,1423137600000,16.93
1423742400000,,,,,,,,1423742400000,16.175714285714
1424347200000,,,,,,,,1424347200000,16.275714285714
1424952000000,,,,,,,,1424952000000,17.048571428571
1425556800000,,,,,,,,1425556800000,16.904285714286
1426161600000,,,,,,,,1426161600000,16.927142857143
1426766400000,,,,,,,,1426766400000,17.144285714286
1427371200000,,,,,,,,1427371200000,17.711428571429
1427976000000,,,,,,,,1427976000000,17.63
1428580800000,,,,,,,,1428580800000,17.674285714286
1429185600000,,,,,,,,1429185600000,18.811428571429
1429790400000,,,,,,,,1429790400000,18.042857142857
1430395200000,,,,,,,,1430395200000,17.465714285714
1431000000000,,,,,,,,1431000000000,18.721428571429
1431604800000,,,,,,,,1431604800000,18.525714285714
1432209600000,,,,,,,,1432209600000,17.341428571429
1432814400000,,,,,,,,1432814400000,17.557142857143
1433419200000,,,,,,,,1433419200000,16.955714285714
1434024000000,,,,,,,,1434024000000,17.384285714286
1434628800000,,,,,,,,1434628800000,17.435714285714
1435233600000,,,,,,,,1435233600000,17.655714285714
1435838400000,,,,,,,,1435838400000,17.325714285714
1436443200000,,,,,,,,1436443200000,18.172857142857
1437048000000,,,,,,,,1437048000000,16.597142857143
1437652800000,,,,,,,,1437652800000,16.232857142857
1438257600000,,,,,,,,1438257600000,16.217142857143
1438862400000,,,,,,,,1438862400000,15.445714285714
1439467200000,,,,,,,,1439467200000,14.94
1440072000000,,,,,,,,1440072000000,14.884285714286
1440676800000,,,,,,,,1440676800000,15.165714285714
1441281600000,,,,,,,,1441281600000,15.408571428571
1441886400000,,,,,,,,1441886400000,16.16
1442491200000,,,,,,,,1442491200000,14.49
1443096000000,,,,,,,,1443096000000,14.241428571429
1443700800000,,,,,,,,1443700800000,14.807142857143
1444305600000,,,,,,,,1444305600000,14.374285714286
1444910400000,,,,,,,,1444910400000,14.93
1445515200000,,,,,,,,1445515200000,14.188571428571
1446120000000,,,,,,,,1446120000000,14.577142857143
1446724800000,,,,,,,,1446724800000,14.464285714286
1447329600000,,,,,,,,1447329600000,14.872857142857
1447934400000,,,,,,,,1447934400000,15.138571428571
1448539200000,,,,,,,,1448539200000,13.907142857143
1449144000000,,,,,,,,1449144000000,13.96
1449748800000,,,,,,,,1449748800000,13.552857142857
1450353600000,,,,,,,,1450353600000,14.075714285714
1450958400000,,,,,,,,1450958400000,14.641428571429
1451563200000,,,,,,,,1451563200000,14.261428571429
1452168000000,,,,,,,,1452168000000,14.352857142857
1452772800000,,,,,,,,1452772800000,14.434285714286
1453377600000,,,,,,,,1453377600000,16.968571428571
1453982400000,,,,,,,,1453982400000,13.985714285714
1454587200000,,,,,,,,1454587200000,13.477142857143
1455192000000,,,,,,,,1455192000000,14.068571428571
1455796800000,,,,,,,,1455796800000,14.002857142857
1456401600000,,,,,,,,1456401600000,13.771428571429
1457006400000,,,,,,,,1457006400000,13.595714285714
1457611200000,,,,,,,,1457611200000,13.46
1458216000000,,,,,,,,1458216000000,13.021428571429
1458820800000,,,,,,,,1458820800000,14.08
1459425600000,,,,,,,,1459425600000,13.351428571429
1460030400000,,,,,,,,1460030400000,13.43
1460635200000,,,,,,,,1460635200000,13.43
1461240000000,,,,,,,,1461240000000,14.315714285714
1461844800000,,,,,,,,1461844800000,14.931428571429
1462449600000,,,,,,,,1462449600000,15.968571428571
1463054400000,,,,,,,,1463054400000,15.997142857143
1463659200000,,,,,,,,1463659200000,15.474285714286
1464264000000,,,,,,,,1464264000000,15.562857142857
1464868800000,,,,,,,,1464868800000,15.83
1465473600000,,,,,,,,1465473600000,15.794285714286
1466078400000,,,,,,,,1466078400000,15.435714285714
1466683200000,,,,,,,,1466683200000,15.841428571429
1467288000000,,,,,,,,1467288000000,15.887142857143
1467892800000,,,,,,,,1467892800000,16.891428571429
1468497600000,,,,,,,,1468497600000,15.332857142857
1469102400000,,,,,,,,1469102400000,15.591428571429
1469707200000,,,,,,,,1469707200000,15.435714285714
1470312000000,,,,,,,,1470312000000,14.385714285714
1470916800000,,,,,,,,1470916800000,14.924285714286
1471521600000,,,,,,,,1471521600000,15.47
1472126400000,,,,,,,,1472126400000,16.6
1472731200000,,,,,,,,1472731200000,15.681428571429
1473336000000,,,,,,,,1473336000000,15.885714285714
1473940800000,,,,,,,,1473940800000,14.958571428571
1474545600000,,,,,,,,1474545600000,15.265714285714
1475150400000,,,,,,,,1475150400000,14.855714285714
1475755200000,,,,,,,,1475755200000,15.885714285714
1476360000000,,,,,,,,1476360000000,15.632857142857
1476964800000,,,,,,,,1476964800000,16.001428571429
1477569600000,,,,,,,,1477569600000,15.484285714286
1478174400000,,,,,,,,1478174400000,16.777142857143
1478779200000,,,,,,,,1478779200000,15.341428571429
1479384000000,,,,,,,,1479384000000,14.817142857143
1479988800000,,,,,,,,1479988800000,14.065714285714
1480593600000,,,,,,,,1480593600000,14.491428571429
1481198400000,,,,,,,,1481198400000,15.217142857143
1481803200000,,,,,,,,1481803200000,14.648571428571
1482408000000,,,,,,,,1482408000000,14.354285714286
1483012800000,,,,,,,,1483012800000,14.951428571429
1483617600000,,,,,,,,1483617600000,14.908571428571
1484222400000,,,,,,,,1484222400000,14.325714285714
1484827200000,,,,,,,,1484827200000,14.494285714286
1485432000000,,,,,,,,1485432000000,14.557142857143
1486036800000,,,,,,,,1486036800000,14.641428571429
1486641600000,,,,,,,,1486641600000,15.127142857143
1487246400000,,,,,,,,1487246400000,14.721428571429
1487851200000,,,,,,,,1487851200000,15.298571428571
1488456000000,,,,,,,,1488456000000,14.72
1489060800000,,,,,,,,1489060800000,14.022857142857
1489665600000,,,,,,,,1489665600000,13.905714285714
1490270400000,,,,,,,,1490270400000,14.518571428571
1490875200000,,,,,,,,1490875200000,14.544285714286
1491480000000,,,,,,,,1491480000000,14.585714285714
1492084800000,,,,,,,,1492084800000,15.39
1492689600000,,,,,,,,1492689600000,15.217142857143
1493294400000,,,,,,,,1493294400000,15.355714285714
1493899200000,,,,,,,,1493899200000,14.987142857143
1494504000000,,,,,,,,1494504000000,14.82
1495108800000,,,,,,,,1495108800000,15.152857142857
1495713600000,,,,,,,,1495713600000,14.777142857143
1496318400000,,,,,,,,1496318400000,14.23
1496923200000,,,,,,,,1496923200000,13.995714285714
1497528000000,,,,,,,,1497528000000,13.852857142857
1498132800000,,,,,,,,1498132800000,14.034285714286
1498737600000,,,,,,,,1498737600000,14.588571428571
1499342400000,,,,,,,,1499342400000,14.867142857143
1499947200000,,,,,,,,1499947200000,14.627142857143
1500552000000,,,,,,,,1500552000000,14.078571428571
1501156800000,,,,,,,,1501156800000,13.932857142857
1501761600000,,,,,,,,1501761600000,13.57
1502366400000,,,,,,,,1502366400000,13.478571428571
1502971200000,,,,,,,,1502971200000,13.038571428571
1503576000000,,,,,,,,1503576000000,12.958571428571
1504180800000,,,,,,,,1504180800000,12.657142857143
1504785600000,,,,,,,,1504785600000,12.954285714286
1505390400000,,,,,,,,1505390400000,12.675714285714
1505995200000,,,,,,,,1505995200000,12.227142857143
1506600000000,,,,,,,,1506600000000,11.77
1507204800000,,,,,,,,1507204800000,12.508571428571
1507809600000,,,,,,,,1507809600000,12.618571428571
1508414400000,,,,,,,,1508414400000,12.375714285714
1509019200000,,,,,,,,1509019200000,11.854285714286
1509624000000,,,,,,,,1509624000000,12.16
1510228800000,,,,,,,,1510228800000,12.581428571429
1510833600000,,,,,,,,1510833600000,11.562857142857
1511438400000,,,,,,,,1511438400000,11.832857142857
1512043200000,,,,,,,,1512043200000,11.661428571429
1512648000000,,,,,,,,1512648000000,11.487142857143
1513252800000,,,,,,,,1513252800000,11.09
1513857600000,,,,,,,,1513857600000,11.355714285714
1514462400000,,,,,,,,1514462400000,12
1515067200000,,,,,,,,1515067200000,11.365714285714
1515672000000,,,,,,,,1515672000000,11.038571428571
1516276800000,,,,,,,,1516276800000,10.67
1516881600000,,,,,,,,1516881600000,10.37
1517486400000,,,,,,,,1517486400000,10.414285714286
1518091200000,,,,,,,,1518091200000,9.9085714285714
1518696000000,,,,,,,,1518696000000,9.5814285714286
1519300800000,,,,,,,,1519300800000,9.5028571428571
1519905600000,,,,,,,,1519905600000,9.7071428571429
1520510400000,,,,,,,,1520510400000,10.515714285714
1521115200000,,,,,,,,1521115200000,10.31
1521720000000,,,,,,,,1521720000000,10.904285714286
1522324800000,,,,,,,,1522324800000,10.602857142857
1522929600000,,,,,,,,1522929600000,10.92
1523534400000,,,,,,,,1523534400000,10.534285714286
1524139200000,,,,,,,,1524139200000,10.577142857143
1524744000000,,,,,,,,1524744000000,10.221428571429
1525348800000,,,,,,,,1525348800000,10.362857142857
1525953600000,,,,,,,,1525953600000,10.501428571429
1526558400000,,,,,,,,1526558400000,10.482857142857
1527163200000,,,,,,,,1527163200000,10.39
1527768000000,,,,,,,,1527768000000,9.9571428571429
1528372800000,,,,,,,,1528372800000,9.5142857142857
1528977600000,,,,,,,,1528977600000,8.6328571428571
1529582400000,,,,,,,,1529582400000,8.3728571428571
1530187200000,,,,,,,,1530187200000,8.1785714285714
1530792000000,,,,,,,,1530792000000,8.0485714285714
1531396800000,,,,,,,,1531396800000,8.4314285714286
1532001600000,,,,,,,,1532001600000,8.8757142857143
1532606400000,,,,,,,,1532606400000,8.6842857142857
1533211200000,,,,,,,,1533211200000,8.31
1533816000000,,,,,,,,1533816000000,8.0814285714286
1534420800000,,,,,,,,1534420800000,8.5571428571429
1535025600000,,,,,,,,1535025600000,8.7057142857143
1535630400000,,,,,,,,1535630400000,8.0842857142857
1536235200000,,,,,,,,1536235200000,8.77
1536840000000,,,,,,,,1536840000000,9.64
1537444800000,,,,,,,,1537444800000,9.7057142857143
1538049600000,,,,,,,,1538049600000,9.61
1538654400000,,,,,,,,1538654400000,9.0342857142857
1539259200000,,,,,,,,1539259200000,9.1571428571429
1539864000000,,,,,,,,1539864000000,9.5042857142857
1540468800000,,,,,,,,1540468800000,9.3385714285714
1541073600000,,,,,,,,1541073600000,9.1557142857143
1541678400000,,,,,,,,1541678400000,9.2842857142857
1542283200000,,,,,,,,1542283200000,9.9071428571429
1542888000000,,,,,,,,1542888000000,9.3542857142857
1543492800000,,,,,,,,1543492800000,8.78
1544097600000,,,,,,,,1544097600000,9.3785714285714
1544702400000,,,,,,,,1544702400000,9.7471428571429
1545307200000,,,,,,,,1545307200000,10.105714285714
1545912000000,,,,,,,,1545912000000,10.534285714286
1546516800000,,,,,,,,1546516800000,10.04
1547121600000,,,,,,,,1547121600000,10.278571428571
1547726400000,,,,,,,,1547726400000,9.5414285714286
1548331200000,,,,,,,,1548331200000,9.5328571428571
1548936000000,,,,,,,,1548936000000,9.25
1549540800000,,,,,,,,1549540800000,9.8442857142857
1550145600000,,,,,,,,1550145600000,9.6871428571429
1550750400000,,,,,,,,1550750400000,9.9842857142857
1551355200000,,,,,,,,1551355200000,10.057142857143
1551960000000,,,,,,,,1551960000000,10.141428571429
1552564800000,,,,,,,,1552564800000,10.185714285714
1553169600000,,,,,,,,1553169600000,10.538571428571
1553774400000,,,,,,,,1553774400000,10.285714285714
1554379200000,,,,,,,,1554379200000,10.498571428571
1554984000000,,,,,,,,1554984000000,10.437142857143
1555588800000,,,,,,,,1555588800000,10.924285714286
1556193600000,,,,,,,,1556193600000,11.075714285714
1556798400000,,,,,,,,1556798400000,10.435714285714
1557403200000,,,,,,,,1557403200000,10.891428571429
1558008000000,,,,,,,,1558008000000,10.845714285714
1558612800000,,,,,,,,1558612800000,10.208571428571
1559217600000,,,,,,,,1559217600000,11
1559822400000,,,,,,,,1559822400000,11.287142857143
1560427200000,,,,,,,,1560427200000,11.848571428571
1561032000000,,,,,,,,1561032000000,11.335714285714
1561636800000,,,,,,,,1561636800000,11.372857142857
1562241600000,,,,,,,,1562241600000,11.435714285714
1562846400000,,,,,,,,1562846400000,11.374285714286
1563451200000,,,,,,,,1563451200000,11.252857142857
1564056000000,,,,,,,,1564056000000,10.902857142857
1564660800000,,,,,,,,1564660800000,11.115714285714
1565265600000,,,,,,,,1565265600000,10.607142857143
1565870400000,,,,,,,,1565870400000,11.182857142857
1566475200000,,,,,,,,1566475200000,11.067142857143
1567080000000,,,,,,,,1567080000000,11.575714285714
1567684800000,,,,,,,,1567684800000,11.558571428571
1568289600000,,,,,,,,1568289600000,11.691428571429
1568894400000,,,,,,,,1568894400000,11.197142857143
1569499200000,,,,,,,,1569499200000,11.628571428571
1570104000000,,,,,,,,1570104000000,11.612857142857
1570708800000,,,,,,,,1570708800000,12.421428571429
1571313600000,,,,,,,,1571313600000,12.518571428571
1571918400000,,,,,,,,1571918400000,12.27
1572523200000,,,,,,,,1572523200000,11.941428571429
1573128000000,,,,,,,,1573128000000,12.098571428571
1573732800000,,,,,,,,1573732800000,13.308571428571
1574337600000,,,,,,,,1574337600000,13.51
1574942400000,,,,,,,,1574942400000,13.711428571429
1575547200000,,,,,,,,1575547200000,13.472857142857
1576152000000,,,,,,,,1576152000000,13.897142857143
1576756800000,,,,,,,,1576756800000,14.085714285714
1577361600000,,,,,,,,1577361600000,15.092857142857
1577966400000,,,,,,,,1577966400000,13.45
1578571200000,,,,,,,,1578571200000,12.415714285714
1579176000000,,,,,,,,1579176000000,13.154285714286
1579780800000,,,,,,,,1579780800000,12.992857142857
1580385600000,,,,,,,,1580385600000,13.234285714286
1580990400000,,,,,,,,1580990400000,13.324285714286
1581595200000,,,,,,,,1581595200000,12.98
1582200000000,,,,,,,,1582200000000,12.838571428571
1582804800000,,,,,,,,1582804800000,12.024285714286
1583409600000,,,,,,,,1583409600000,12.042857142857
1584014400000,,,,,,,,1584014400000,12.062857142857
1584619200000,,,,,,,,1584619200000,13.4
1585224000000,,,,,,,,1585224000000,13.83
1585828800000,,,,,,,,1585828800000,12.858571428571
1586433600000,,,,,,,,1586433600000,12.755714285714
1587038400000,,,,,,,,1587038400000,13.244285714286
1587643200000,,,,,,,,1587643200000,13.768571428571
1588248000000,,,,,,,,1588248000000,13.877142857143
1588852800000,,,,,,,,1588852800000,13.71
1589457600000,,,,,,,,1589457600000,14.67
1590062400000,,,,,,,,1590062400000,14.118571428571
1590667200000,,,,,,,,1590667200000,13.944285714286
1591272000000,,,,,,,,1591272000000,14.057142857143
1591876800000,,,,,,,,1591876800000,14.964285714286
1592481600000,,,,,,,,1592481600000,14.745714285714
1593086400000,,,,,,,,1593086400000,14.204285714286
1593691200000,,,,,,,,1593691200000,14.264285714286
1594296000000,,,,,,,,1594296000000,14.785714285714
1594900800000,,,,,,,,1594900800000,14.412857142857
1595505600000,,,,,,,,1595505600000,14.54
1596110400000,,,,,,,,1596110400000,13.858571428571
1596715200000,,,,,,,,1596715200000,13.352857142857
1597320000000,,,,,,,,1597320000000,12.884285714286
1597924800000,,,,,,,,1597924800000,12.667142857143
1598529600000,,,,,,,,1598529600000,12.99
1599134400000,,,,,,,,1599134400000,13.288571428571
1599739200000,,,,,,,,1599739200000,13.258571428571
1600344000000,,,,,,,,1600344000000,13.382857142857
1600948800000,,,,,,,,1600948800000,13.148571428571
1601553600000,,,,,,,,1601553600000,12.704285714286
1602158400000,,,,,,,,1602158400000,11.462857142857
1602763200000,,,,,,,,1602763200000,11.947142857143
1603368000000,,,,,,,,1603368000000,11.911428571429
1603972800000,,,,,,,,1603972800000,11.308571428571
1604577600000,,,,,,,,1604577600000,10.632857142857
1605182400000,,,,,,,,1605182400000,11.591428571429
1605787200000,,,,,,,,1605787200000,11.678571428571
1606392000000,,,,,,,,1606392000000,11.52
1606996800000,,,,,,,,1606996800000,11.598571428571
1607601600000,,,,,,,,1607601600000,11.501428571429
1608206400000,,,,,,,,1608206400000,11.904285714286
1608811200000,,,,,,,,1608811200000,12.017142857143
1609416000000,,,,,,,,1609416000000,12.404285714286
1610020800000,,,,,,,,1610020800000,11.561428571429
1610625600000,,,,,,,,1610625600000,11.781428571429
1611230400000,,,,,,,,1611230400000,11.398571428571
1611835200000,,,,,,,,1611835200000,11.525714285714
1612440000000,,,,,,,,1612440000000,11.385714285714
1613044800000,,,,,,,,1613044800000,11.34
1613649600000,,,,,,,,1613649600000,10.92
1614254400000,,,,,,,,1614254400000,11.037142857143
1614859200000,,,,,,,,1614859200000,11.331428571429
1615464000000,,,,,,,,1615464000000,11.568571428571
1616068800000,,,,,,,,1616068800000,11.152857142857
1616673600000,,,,,,,,1616673600000,11.392857142857
1617278400000,,,,,,,,1617278400000,11.055714285714
1617883200000,,,,,,,,1617883200000,10.904285714286
1618488000000,,,,,,,,1618488000000,11.074285714286
1619092800000,,,,,,,,1619092800000,11.05
1619697600000,,,,,,,,1619697600000,11.25
1620302400000,,,,,,,,1620302400000,12.04
1620907200000,,,,,,,,1620907200000,12.294285714286
1621512000000,,,,,,,,1621512000000,11.88
1622116800000,,,,,,,,1622116800000,11.254285714286
1622721600000,,,,,,,,1622721600000,10.205714285714
1623326400000,,,,,,,,1623326400000,11.16
1623931200000,,,,,,,,1623931200000,11.058571428571
1624536000000,,,,,,,,1624536000000,11.842857142857
1625140800000,,,,,,,,1625140800000,11.65
1625745600000,,,,,,,,1625745600000,11.744285714286
1626350400000,,,,,,,,1626350400000,12.235714285714
1626955200000,,,,,,,,1626955200000,12.231428571429
1627560000000,,,,,,,,1627560000000,12.441428571429
1628164800000,,,,,,,,1628164800000,12.12
1628769600000,,,,,,,,1628769600000,12.861428571429
1629374400000,,,,,,,,1629374400000,12.915714285714
1629979200000,,,,,,,,1629979200000,12.348571428571
1630584000000,,,,,,,,1630584000000,12.141428571429
1631188800000,,,,,,,,1631188800000,12.054285714286
1631793600000,,,,,,,,1631793600000,12.611428571429
1632398400000,,,,,,,,1632398400000,12.802857142857
1633003200000,,,,,,,,1633003200000,12.754285714286
1633608000000,,,,,,,,1633608000000,12.382857142857
1634212800000,,,,,,,,1634212800000,12.827142857143
1634817600000,,,,,,,,1634817600000,13.038571428571
1635422400000,,,,,,,,1635422400000,12.607142857143
1636027200000,,,,,,,,1636027200000,12.758571428571
1636632000000,,,,,,,,1636632000000,12.818571428571
1637236800000,,,,,,,,1637236800000,12.648571428571
1637841600000,,,,,,,,1637841600000,12.941428571429
1638446400000,,,,,,,,1638446400000,12.802857142857
1639051200000,,,,,,,,1639051200000,12.745714285714
1639656000000,,,,,,,,1639656000000,12.47
1640260800000,,,,,,,,1640260800000,12.837142857143
1640865600000,,,,,,,,1640865600000,12.847142857143
1641470400000,,,,,,,,1641470400000,12.584285714286
1642075200000,,,,,,,,1642075200000,12.6
1642680000000,,,,,,,,1642680000000,11.93
1643284800000,,,,,,,,1643284800000,11.881428571429
1643889600000,,,,,,,,1643889600000,12.825714285714
1644494400000,,,,,,,,1644494400000,13.052857142857
1645099200000,,,,,,,,1645099200000,12.391428571429
1645704000000,,,,,,,,1645704000000,11.444285714286
1646308800000,,,,,,,,1646308800000,11.68
1646913600000,,,,,,,,1646913600000,11.774285714286
1647518400000,,,,,,,,1647518400000,12.105714285714
1648123200000,,,,,,,,1648123200000,12.4
1648728000000,,,,,,,,1648728000000,12.412857142857
1649332800000,,,,,,,,1649332800000,13.267142857143
1649937600000,,,,,,,,1649937600000,13.255714285714
1650542400000,,,,,,,,1650542400000,13.432857142857
1651147200000,,,,,,,,1651147200000,13.168571428571
1651752000000,,,,,,,,1651752000000,13.538571428571
1652356800000,,,,,,,,1652356800000,13.514285714286
1652961600000,,,,,,,,1652961600000,13.818571428571
1653566400000,,,,,,,,1653566400000,13.688571428571
1654171200000,,,,,,,,1654171200000,13.008571428571
1654776000000,,,,,,,,1654776000000,13.105714285714
1655380800000,,,,,,,,1655380800000,13.257142857143
1655985600000,,,,,,,,1655985600000,13.438571428571
1656590400000,,,,,,,,1656590400000,12.868571428571
1657195200000,,,,,,,,1657195200000,13.612857142857
1657800000000,,,,,,,,1657800000000,13.98
1658404800000,,,,,,,,1658404800000,13.821428571429
1659009600000,,,,,,,,1659009600000,13.204285714286
1659614400000,,,,,,,,1659614400000,13.294285714286
1660219200000,,,,,,,,1660219200000,13.344285714286
1660824000000,,,,,,,,1660824000000,13.015714285714
1661428800000,,,,,,,,1661428800000,13.064285714286
1662033600000,,,,,,,,1662033600000,13.257142857143
1662638400000,,,,,,,,1662638400000,12.918571428571
1663243200000,,,,,,,,1663243200000,12.37
1663848000000,,,,,,,,1663848000000,12.301428571429
1664452800000,,,,,,,,1664452800000,11.972857142857
1665057600000,,,,,,,,1665057600000,12.201428571429
1665662400000,,,,,,,,1665662400000,12.647142857143
1666267200000,,,,,,,,1666267200000,12.08
1666872000000,,,,,,,,1666872000000,12.44
1667476800000,,,,,,,,1667476800000,12.315714285714
1668081600000,,,,,,,,1668081600000,12.188571428571
1668686400000,,,,,,,,1668686400000,11.902857142857
1669291200000,,,,,,,,1669291200000,11.517142857143
1669896000000,,,,,,,,1669896000000,12.29
1670500800000,,,,,,,,1670500800000,12.405714285714
1671105600000,,,,,,,,1671105600000,11.525714285714
1671710400000,,,,,,,,1671710400000,11.61
1672315200000,,,,,,,,1672315200000,12.162857142857
1672920000000,,,,,,,,1672920000000,12.03
1673524800000,,,,,,,,1673524800000,11.382857142857
1674129600000,,,,,,,,1674129600000,11.095714285714
1674734400000,,,,,,,,1674734400000,11.081428571429
1675339200000,,,,,,,,1675339200000,10.914285714286
1675944000000,,,,,,,,1675944000000,11.177142857143
1676548800000,,,,,,,,1676548800000,11.265714285714
1677153600000,,,,,,,,1677153600000,11.368571428571
1677542400000,,,,,,,,1677542400000,10.95