"Date","Facebook","Pinterest","Twitter","StumbleUpon","YouTube","Tumblr","reddit","Instagram","VKontakte","LinkedIn","Google+","Digg","MySpace","Fark","NowPublic","iWiW","news.ycombinator.com","Delicious","orkut","Odnoklassniki","Vimeo","Other"
2009,48.14,0,7.22,22.4,4.09,0,5.76,0,0,0.29,0,3.57,4.02,0.27,0.07,1.43,0.07,0.38,0.91,0,0.01,1.35
2010,59.58,0,6.35,18.7,6.62,0,3.26,0,0,0.24,0,1.51,1.25,0.24,0.59,0.49,0.09,0.26,0.25,0,0.11,0.45
2011,65.83,0,4.41,20.75,5.12,0,2.3,0,0.16,0.23,0.06,0.32,0.05,0.12,0.21,0.04,0.06,0.08,0.06,0.01,0.02,0.18
2012,65.33,7.18,6.55,8.8,7.54,0,3.21,0,0.35,0.3,0,0.13,0.01,0.1,0.17,0.01,0.07,0.03,0.02,0.04,0.03,0.12
2013,66.35,10.96,9.73,4.22,2.98,2.11,2.5,0,0.37,0.19,0.22,0.04,0,0.08,0.08,0,0.01,0.01,0.01,0.1,0.02,0.04
2014,73.28,9.38,6.83,1.85,1.06,5.22,1.77,0,0.19,0.08,0.21,0.02,0,0.03,0,0,0.01,0.01,0,0.05,0.01,0.01
2015,83.5,6.57,5.32,0.84,0.11,1.93,1.21,0,0.12,0.06,0.29,0.01,0,0.01,0,0,0.01,0,0,0,0,0.01
2016,86.16,6.17,4.2,0.42,0.27,1.43,0.7,0.09,0.23,0.13,0.15,0,0,0.04,0,0,0.01,0,0,0,0,0
2017,83.6,7.39,4.64,0.26,1.46,0.86,0.53,0.74,0.16,0.15,0.14,0,0,0.03,0,0,0.01,0,0,0,0,0.01
2018,68.61,13,7.15,0.16,6.92,0.86,0.5,1.95,0.26,0.22,0.3,0,0,0.02,0,0,0.01,0,0,0,0,0.03
2019,68.98,13.86,8.23,0,3.85,0.55,0.77,3.15,0.32,0.17,0.08,0,0,0.01,0,0,0.02,0,0,0,0,0
2020,68.1,11.36,10.73,0,4.05,0.41,0.33,4.61,0.19,0.18,0,0,0,0.01,0,0,0.02,0,0,0,0,0
2021,72.43,8.44,8.8,0.01,4.85,0.65,0.65,3.65,0.14,0.33,0,0,0,0.02,0,0,0.02,0,0,0,0.01,0.01
2022,73.18,6.03,8.25,0.01,4.26,0.26,0.76,6.76,0.11,0.31,0,0,0,0.02,0,0,0.03,0,0,0,0.01,0.01
2023,67.97,6.01,11.17,0.01,3.68,0.22,0.47,9.89,0.09,0.43,0,0,0,0.01,0,0,0.02,0,0,0,0.01,0.01
